{"stats":{"minecraft:custom":{"minecraft:mob_kills":1,"minecraft:interact_with_crafting_table":1,"minecraft:time_since_death":1022,"minecraft:time_since_rest":1047,"minecraft:sprint_one_cm":9632,"minecraft:damage_taken":341,"minecraft:walk_one_cm":19006,"minecraft:drop":57,"minecraft:damage_dealt":439,"minecraft:fly_one_cm":67941,"minecraft:crouch_one_cm":54,"minecraft:play_time":17699,"minecraft:deaths":2,"minecraft:sneak_time":161,"minecraft:jump":137,"minecraft:total_world_time":17699,"minecraft:fall_one_cm":3832},"minecraft:picked_up":{"voltystudios_dedsafio:dimensional_armor_chestplate":3,"voltystudios_dedsafio:alma":3,"voltystudios_dedsafio:peluche_nimu":3,"voltystudios_dedsafio:mesa_azul_3":1,"voltystudios_dedsafio:earth_armor_leggings":2,"voltystudios_dedsafio:pedazode_bombardera":8,"voltystudios_dedsafio:earth_armor_boots":1,"voltystudios_dedsafio:dungeon_armor_chestplate":2,"minecraft:dirt":7,"voltystudios_dedsafio:fortachona":1,"voltystudios_dedsafio:sable_rojo":3,"voltystudios_dedsafio:espada_belica":3,"voltystudios_dedsafio:runa":1,"voltystudios_dedsafio:guantes_amarillos":2,"voltystudios_dedsafio:esencia_de_huarapolis_especial":1,"voltystudios_dedsafio:dimensional_armor_boots":3,"voltystudios_dedsafio:espada_celestial":3,"voltystudios_dedsafio:earth_armor_helmet":3,"voltystudios_dedsafio:runa_4":3,"voltystudios_dedsafio:runa_6":1,"voltystudios_dedsafio:peluche_minu_planeta":1,"voltystudios_dedsafio:candelabro_4":1,"voltystudios_dedsafio:espada_ancestral":3,"minecraft:acacia_log":1,"voltystudios_dedsafio:recoltector_de_almas_chestplate":4,"voltystudios_dedsafio:larva_spawn_egg":2,"voltystudios_dedsafio:espada_ancestral_afilada":3,"voltystudios_dedsafio:peluche_nutrias":1,"voltystudios_dedsafio:dungeon_armor_helmet":1,"voltystudios_dedsafio:dungeon_armor_leggings":3,"voltystudios_dedsafio:dimensional_armor_leggings":1,"voltystudios_dedsafio:rodolfo":1,"voltystudios_dedsafio:runa_3":1,"voltystudios_dedsafio:runa_1":1,"voltystudios_dedsafio:fogata":2,"voltystudios_dedsafio:mesa_azul":1,"voltystudios_dedsafio:runa_5":4},"minecraft:dropped":{"voltystudios_dedsafio:espada_ancestral":1,"voltystudios_dedsafio:runa":1,"voltystudios_dedsafio:dungeon_armor_boots":1,"voltystudios_dedsafio:earth_armor_leggings":3,"voltystudios_dedsafio:dimensional_armor_leggings":1,"voltystudios_dedsafio:larva_spawn_egg":1,"voltystudios_dedsafio:runa_6":1,"voltystudios_dedsafio:dungeon_armor_leggings":3,"voltystudios_dedsafio:esencia_de_huarapolis_especial":1,"voltystudios_dedsafio:earth_armor_boots":1,"voltystudios_dedsafio:sable_rojo":2,"voltystudios_dedsafio:fortachona":1,"voltystudios_dedsafio:espada_celestial":3,"voltystudios_dedsafio:dungeon_armor_chestplate":2,"voltystudios_dedsafio:peluche_nutrias":1,"voltystudios_dedsafio:dungeon_armor_helmet":1,"voltystudios_dedsafio:espada_ancestral_afilada":2,"voltystudios_dedsafio:dimensional_armor_chestplate":2,"voltystudios_dedsafio:alma":1,"voltystudios_dedsafio:dimensional_armor_boots":3,"voltystudios_dedsafio:pedazode_bombardera":4,"voltystudios_dedsafio:mesa_azul":1,"voltystudios_dedsafio:fogata":2,"voltystudios_dedsafio:runa_4":1,"voltystudios_dedsafio:runa_3":1,"voltystudios_dedsafio:runa_1":1,"voltystudios_dedsafio:runa_5":3,"voltystudios_dedsafio:earth_armor_helmet":3,"voltystudios_dedsafio:rodolfo":1,"voltystudios_dedsafio:earth_armor_chestplate":1,"voltystudios_dedsafio:espada_belica":3,"voltystudios_dedsafio:peluche_nimu":2,"voltystudios_dedsafio:mesa_azul_3":2,"voltystudios_dedsafio:recoltector_de_almas_chestplate":3},"minecraft:used":{"voltystudios_dedsafio:peluche_nimu":1,"voltystudios_dedsafio:rodolfo":1,"voltystudios_dedsafio:earth_armor_leggings":1,"voltystudios_dedsafio:espada_celestial":3,"voltystudios_dedsafio:earth_armor_helmet":2,"voltystudios_dedsafio:mesa_azul_3":1,"voltystudios_dedsafio:abeja_grande_spawn_egg":16,"voltystudios_dedsafio:larva_spawn_egg":1,"voltystudios_dedsafio:dungeon_armor_leggings":2,"voltystudios_dedsafio:earth_armor_chestplate":1,"voltystudios_dedsafio:peluche_minu_planeta":1,"voltystudios_dedsafio:abeja_kamikaze_spawn_egg":1,"minecraft:crafting_table":1,"voltystudios_dedsafio:dungeon_armor_chestplate":2,"voltystudios_dedsafio:dungeon_armor_boots":1,"voltystudios_dedsafio:fogata":16,"voltystudios_dedsafio:earth_armor_boots":1,"voltystudios_dedsafio:dungeon_armor_helmet":1,"voltystudios_dedsafio:espada_belica":2,"voltystudios_dedsafio:abeja_misil_spawn_egg":5},"minecraft:mined":{"minecraft:acacia_leaves":1,"minecraft:acacia_log":1,"minecraft:dead_bush":1,"minecraft:grass":5},"minecraft:killed_by":{"minecraft:player":1},"minecraft:crafted":{"minecraft:crafting_table":1,"minecraft:acacia_planks":4},"minecraft:killed":{"minecraft:creeper":1}},"DataVersion":2975}