{"stats":{"minecraft:custom":{"minecraft:time_since_rest":5699,"minecraft:sprint_one_cm":1515,"minecraft:damage_taken":50,"minecraft:walk_one_cm":2346,"minecraft:drop":27,"minecraft:interact_with_crafting_table":1,"minecraft:fly_one_cm":4748,"minecraft:play_time":5699,"minecraft:jump":17,"minecraft:time_since_death":5699,"minecraft:total_world_time":5699,"minecraft:fall_one_cm":1174},"minecraft:picked_up":{"voltystudios_dedsafio:alma":1,"voltystudios_dedsafio:espada_ancestral":1,"voltystudios_dedsafio:dimensional_armor_chestplate":1,"voltystudios_dedsafio:mesa_azul_3":1,"minecraft:acacia_log":1,"voltystudios_dedsafio:recoltector_de_almas_chestplate":1,"voltystudios_dedsafio:espada_ancestral_afilada":1,"voltystudios_dedsafio:espada_belica":1,"voltystudios_dedsafio:runa":1,"voltystudios_dedsafio:esencia_de_huarapolis_especial":1,"voltystudios_dedsafio:dimensional_armor_leggings":1,"voltystudios_dedsafio:dimensional_armor_boots":1,"voltystudios_dedsafio:espada_celestial":1,"voltystudios_dedsafio:runa_3":1,"voltystudios_dedsafio:runa_1":1,"voltystudios_dedsafio:mesa_azul":1,"voltystudios_dedsafio:fogata":1,"voltystudios_dedsafio:runa_4":1,"voltystudios_dedsafio:runa_5":1,"voltystudios_dedsafio:runa_6":1},"minecraft:dropped":{"voltystudios_dedsafio:dungeon_armor_helmet":1,"voltystudios_dedsafio:espada_ancestral":1,"voltystudios_dedsafio:runa":1,"voltystudios_dedsafio:dungeon_armor_boots":1,"voltystudios_dedsafio:dimensional_armor_chestplate":1,"voltystudios_dedsafio:espada_ancestral_afilada":1,"voltystudios_dedsafio:earth_armor_leggings":1,"voltystudios_dedsafio:dimensional_armor_leggings":1,"voltystudios_dedsafio:dimensional_armor_boots":1,"voltystudios_dedsafio:alma":1,"voltystudios_dedsafio:runa_6":1,"voltystudios_dedsafio:dungeon_armor_leggings":1,"voltystudios_dedsafio:runa_1":1,"voltystudios_dedsafio:mesa_azul":1,"voltystudios_dedsafio:fogata":1,"voltystudios_dedsafio:runa_3":1,"voltystudios_dedsafio:runa_4":1,"voltystudios_dedsafio:earth_armor_boots":1,"voltystudios_dedsafio:esencia_de_huarapolis_especial":1,"voltystudios_dedsafio:runa_5":1,"voltystudios_dedsafio:earth_armor_helmet":1,"voltystudios_dedsafio:espada_celestial":1,"voltystudios_dedsafio:dungeon_armor_chestplate":1,"voltystudios_dedsafio:earth_armor_chestplate":1,"voltystudios_dedsafio:espada_belica":1,"voltystudios_dedsafio:mesa_azul_3":1,"voltystudios_dedsafio:recoltector_de_almas_chestplate":1},"minecraft:used":{"voltystudios_dedsafio:dungeon_armor_boots":1,"voltystudios_dedsafio:earth_armor_leggings":1,"voltystudios_dedsafio:earth_armor_helmet":1,"voltystudios_dedsafio:earth_armor_boots":1,"voltystudios_dedsafio:dungeon_armor_helmet":1,"voltystudios_dedsafio:earth_armor_chestplate":1,"voltystudios_dedsafio:dungeon_armor_leggings":1,"minecraft:crafting_table":1,"voltystudios_dedsafio:dungeon_armor_chestplate":1},"minecraft:mined":{"minecraft:acacia_leaves":1,"minecraft:acacia_log":1},"minecraft:crafted":{"minecraft:crafting_table":1,"minecraft:acacia_planks":4}},"DataVersion":2975}