{"stats":{"minecraft:custom":{"minecraft:time_since_rest":5456,"minecraft:walk_one_cm":9861,"minecraft:play_time":9607,"minecraft:sprint_one_cm":7968,"minecraft:damage_taken":324,"minecraft:deaths":1,"minecraft:sneak_time":67,"minecraft:drop":4,"minecraft:jump":77,"minecraft:damage_dealt":205,"minecraft:time_since_death":5426,"minecraft:total_world_time":9607,"minecraft:player_kills":1,"minecraft:fall_one_cm":2642,"minecraft:fly_one_cm":21259},"minecraft:dropped":{"voltystudios_dedsafio:runa_5":2,"voltystudios_dedsafio:guantes_amarillos":1,"minecraft:stick":2},"minecraft:picked_up":{"minecraft:stick":2,"voltystudios_dedsafio:peluche_minu_planeta":1,"voltystudios_dedsafio:earth_armor_chestplate":1,"voltystudios_dedsafio:dungeon_armor_helmet":3,"minecraft:bone":1,"voltystudios_dedsafio:espada_belica":1,"voltystudios_dedsafio:dungeon_armor_leggings":2,"minecraft:wheat_seeds":1,"voltystudios_dedsafio:earth_armor_leggings":1,"voltystudios_dedsafio:dimensional_armor_boots":1,"voltystudios_dedsafio:lunch_box":1,"voltystudios_dedsafio:rodolfo":1,"voltystudios_dedsafio:dungeon_armor_chestplate":2,"voltystudios_dedsafio:earth_armor_boots":3,"voltystudios_dedsafio:dungeon_armor_boots":2,"voltystudios_dedsafio:peluche_nutrias":1,"voltystudios_dedsafio:fortachona":1,"voltystudios_dedsafio:fogata":1,"voltystudios_dedsafio:runa_6":1,"minecraft:dirt":14,"voltystudios_dedsafio:runa_5":2},"minecraft:used":{"voltystudios_dedsafio:peluche_minu_planeta":1,"voltystudios_dedsafio:espada_belica":3,"voltystudios_dedsafio:lunch_box":1},"minecraft:mined":{"minecraft:grass":1,"minecraft:dead_bush":1}},"DataVersion":2975}