{
  "minecraft:recipes/misc/charcoal": {
    "criteria": {
      "has_log": "2024-09-02 03:12:09 +0000"
    },
    "done": true
  },
  "minecraft:recipes/decorations/crafting_table": {
    "criteria": {
      "has_the_recipe": "2024-09-02 03:12:13 +0000"
    },
    "done": true
  },
  "minecraft:recipes/building_blocks/acacia_wood": {
    "criteria": {
      "has_log": "2024-09-02 03:12:09 +0000"
    },
    "done": true
  },
  "minecraft:recipes/building_blocks/acacia_planks": {
    "criteria": {
      "has_log": "2024-09-02 03:12:09 +0000"
    },
    "done": true
  },
  "minecraft:recipes/decorations/chest": {
    "criteria": {
      "has_lots_of_items": "2024-09-02 03:15:25 +0000"
    },
    "done": true
  },
  "minecraft:adventure/adventuring_time": {
    "criteria": {
      "minecraft:eroded_badlands": "2024-09-02 03:11:41 +0000",
      "minecraft:savanna": "2024-09-02 03:11:31 +0000"
    },
    "done": false
  },
  "minecraft:story/root": {
    "criteria": {
      "crafting_table": "2024-09-02 03:12:13 +0000"
    },
    "done": true
  },
  "DataVersion": 2975
}